qualitys,languages
Нюрнберг (Фильм 2023),Русский
Дневники убийцы (Фильм 2021),"Русский, Итальянский"
Зомби: Из Пусана в Гангнам (Фильм 2023),"Русский, Корейский"
Сын (фильм 2022),Русский
Джонни и Клайд (Фильм 2023),Русский
При чём тут любовь? (Фильм 2022),"Русский, Английский"
Чекаго (Фильм 2023),Русский
Профиль (Фильм 2018),Русский
Свободные отношения (Фильм 2023),Русский
Крушение (Фильм 2023),"Русский, Английский"
Мой любимый призрак (Фильм 2022),"Русский, Немецкий"
Здоровый человек (фильм 2023),Русский
Смертельная охота (Фильм 2022),"Русский, Английский"
Рыцарь теней (Фильм 2019),"Русский, Китайский"
Папы против мам (Фильм 2023),Русский
Непослушная (Фильм 2023) смотреть онлайн,Русский
Стражи времени (Фильм 2022),"Русский, Английский"
13 минут (Фильм 2021),"Русский, Английский"
Бурные воды (Фильм 2019),"Русский, Английский"
Последняя охота (Фильм 2022),"Русский, Английский"
Война миров: Вторжение (Фильм 2023),Русский
Дети кукурузы (Фильм 2020),Русский
Последний сын (Фильм 2021),Русский
Моя пиратская свадьба (Фильм 2022),"Русский, Английский"
Операция «Фортуна»: Искусство побеждать смотреть онлайн,Русский
Праведник (фильм 2023) смотреть онлайн,Русский
"На солнце, вдоль рядов кукурузы (фильм 2023)",Русский
Эскортница (Фильм 2023),Русский
Мегалодон: Возрождение (Фильм 2021),"Русский, Английский"
Беспринципные в деревне (фильм 2023),Русский
На краю (Фильм 2022),"Русский, Английский"
"Человек, который нарисовал Бога (Фильм 2022)","Русский, Итальянский"
Опасная игра (Фильм 2022),"Русский, Английский"
Двойная петля (Фильм 2022),"Русский, Английский"
Тропа смерти (Фильм 2022),"Русский, Английский"
Смертельная ловушка (Фильм 2022),"Русский, Английский"
Одиноки вместе (Фильм 2022),"Русский, Английский"
Пятьдесят оттенков серого (Фильм 2015),"Русский, Английский"
О чём говорят мужчины. Простые удовольствия,Русский
Притворись моей женой (Фильм 2011),"Русский, Английский"
Сезон акул (Фильм 2020),"Русский, Английский"
Джуманджи: Новый уровень (Фильм 2019),"Русский, Английский, Украинский"
Жанна (Фильм 2022),Русский
Человек-Паук: Возвращение домой (Фильм 2017),"Русский, Английский, Украинский, Казахский"
Последний богатырь: Посланник Тьмы (фильм 2021),Русский
Ламборгини: Человек-легенда (Фильм 2022),"Русский, Английский"
Волк с Уолл-стрит (Фильм 2013),"Русский, Английский, Украинский"
Мира (фильм 2022),Русский
Паразит (Фильм 2022),"Русский, Испанский"
Веном (Фильм 2018),"Русский, Английский, Украинский"
Джон Уик 3 (Фильм 2019),"Русский, Английский"
Падение Луны (Фильм 2022),Русский
Призрачный патруль (Фильм 2013),Русский
Чёрная метка (Фильм 2022),"Русский, Английский"
1+1 (Фильм 2011),"Русский, Французский"
Телохранитель киллера (Фильм 2017),"Русский, Украинский"
Ещё одна настоящая любовь (Фильм 2023),Русский
Заклятие Абизу (Фильм 2022),"Русский, Английский"
